{"cameraMode":{"drawMode":0,"name":"Shaded","section":"Shading Mode"},"sceneLighting":false,"audioPlay":false,"sceneViewState":{"m_AlwaysRefresh":false,"showFog":true,"showSkybox":false,"showFlares":true,"showImageEffects":true,"showParticleSystems":true,"showVisualEffectGraphs":true,"m_FxEnabled":true},"in2DMode":false,"pivot":{"x":-0.34259656071662905,"y":1.1176024675369263,"z":-27.89336585998535},"rotation":{"x":-0.09620287269353867,"y":-0.8250234127044678,"z":0.14783725142478944,"w":-0.5368732213973999},"size":0.3583298921585083,"orthographic":false}